Algorithm,File,Best Score,Average Score,Average Time,Best Solution,Improvement
""
--- NEW RUN: 2025-03-13 12:57:52 ---,,,,,,,,,
""
simulated_annealing,Data/Call_7_Vehicle_3.txt,1134176.0,1148910.6,1.0819289445877076,"[4, 4, 7, 7, 0, 2, 2, 0, 1, 5, 5, 3, 3, 1, 0, 6, 6]",inf
""
,,,,,,,,,
""
--- NEW RUN: 2025-03-16 12:14:35 ---,,,,,,,,,
""
simulated_annealing,Data/Call_7_Vehicle_3.txt,1153343.0,1383581.8,63.80642092227936,"[4, 4, 2, 2, 0, 5, 5, 7, 7, 0, 1, 3, 3, 1, 0, 6, 6]",inf
""
,,,,,,,,,
""
--- NEW RUN: 2025-03-16 13:55:35 ---,,,,,,,,,
""
simulated_annealing,Data/Call_18_Vehicle_5.txt,2455026.0,2855863.0,2.451464295387268,"[4, 4, 15, 15, 11, 11, 16, 16, 0, 6, 6, 5, 18, 5, 14, 17, 18, 17, 14, 0, 9, 8, 9, 8, 13, 13, 0, 12, 12, 0, 7, 7, 3, 3, 10, 10, 1, 1, 0, 2, 2]",inf
""
,,,,,,,,,
""
--- NEW RUN: 2025-03-16 14:15:40 ---,,,,,,,,,
""
simulated_annealing,Data/Call_7_Vehicle_3.txt,1134176.0,1173197.2,0.7252365827560425,"[4, 4, 7, 7, 0, 2, 2, 0, 1, 5, 5, 3, 3, 1, 0, 6, 6]",inf
""
,,,,,,,,,
""
--- NEW RUN: 2025-03-16 14:20:32 ---,,,,,,,,,
""
simulated_annealing,Data/Call_7_Vehicle_3.txt,1134176.0,1145644.7,0.7282962322235107,"[4, 4, 2, 2, 0, 7, 7, 0, 1, 5, 5, 3, 3, 1, 0, 6, 6]",-0.6502290582475617
""
,,,,,,,,,
""
--- NEW RUN: 2025-03-16 14:33:49 ---,,,,,,,,,
""
simulated_annealing,Data/Call_7_Vehicle_3.txt,1134176.0,1160358.8,0.7092528104782104,"[4, 4, 2, 2, 0, 7, 7, 0, 1, 5, 5, 3, 3, 1, 0, 6, 6]",-0.6502290582475617
""
simulated_annealing,Data/Call_18_Vehicle_5.txt,2431617.0,2878554.7,2.08486328125,"[4, 4, 15, 15, 11, 11, 0, 6, 6, 5, 17, 5, 13, 17, 13, 0, 7, 7, 8, 18, 18, 8, 12, 16, 16, 12, 0, 3, 3, 10, 1, 10, 1, 0, 9, 9, 14, 14, 0, 2, 2]",-0.7286075710324202
""
simulated_annealing,Data/Call_35_Vehicle_7.txt,7078406.0,8051681.9,3.2843247175216677,"[23, 23, 3, 3, 21, 21, 0, 16, 16, 30, 7, 7, 30, 27, 27, 0, 17, 22, 17, 22, 25, 25, 31, 31, 0, 4, 4, 11, 1, 11, 28, 28, 1, 20, 20, 0, 8, 8, 18, 33, 33, 18, 5, 5, 2, 29, 2, 29, 0, 19, 14, 19, 14, 13, 13, 26, 32, 32, 26, 0, 35, 35, 10, 10, 0, 34, 6, 6, 9, 9, 12, 12, 15, 15, 24, 24, 34]",-0.615049221982311
""
simulated_annealing,Data/Call_80_Vehicle_20.txt,17514666.0,18800736.9,9.736521482467651,"[32, 79, 32, 79, 0, 60, 60, 42, 67, 42, 67, 80, 80, 0, 45, 45, 49, 49, 27, 27, 0, 30, 68, 30, 68, 65, 73, 65, 73, 0, 71, 71, 12, 72, 12, 72, 0, 22, 22, 26, 26, 58, 58, 50, 14, 50, 14, 0, 70, 1, 70, 1, 0, 61, 74, 61, 74, 10, 10, 0, 53, 62, 53, 17, 62, 17, 33, 33, 0, 63, 18, 18, 63, 0, 41, 46, 41, 7, 46, 7, 0, 23, 51, 23, 9, 69, 9, 51, 69, 0, 35, 19, 35, 36, 19, 36, 0, 78, 78, 24, 24, 0, 57, 57, 28, 28, 2, 2, 47, 47, 6, 6, 0, 25, 25, 43, 44, 44, 43, 5, 5, 16, 16, 0, 38, 38, 55, 55, 3, 3, 75, 75, 0, 64, 64, 48, 77, 48, 77, 52, 56, 56, 52, 0, 13, 13, 37, 31, 37, 31, 0, 8, 8, 0, 4, 4, 11, 11, 15, 15, 20, 20, 21, 21, 29, 29, 34, 34, 39, 39, 40, 40, 54, 54, 59, 59, 66, 66, 76, 76]",-0.6255177238689291
""
simulated_annealing,Data/Call_130_Vehicle_40.txt,29891545.0,31214599.2,18.06067407131195,"[125, 125, 77, 77, 0, 102, 102, 109, 7, 7, 109, 0, 66, 66, 91, 91, 10, 10, 0, 123, 96, 96, 123, 0, 11, 11, 111, 79, 79, 111, 0, 54, 90, 54, 81, 90, 81, 0, 80, 80, 14, 14, 0, 4, 4, 118, 118, 0, 84, 84, 120, 120, 37, 30, 30, 37, 0, 32, 50, 32, 50, 127, 127, 0, 73, 99, 73, 99, 68, 46, 46, 68, 0, 55, 55, 63, 83, 83, 63, 0, 67, 70, 67, 70, 20, 20, 0, 44, 44, 5, 5, 122, 94, 122, 94, 12, 12, 0, 22, 22, 92, 92, 28, 36, 28, 36, 0, 97, 97, 40, 40, 0, 15, 15, 110, 110, 0, 106, 69, 106, 69, 64, 64, 0, 107, 107, 112, 112, 53, 53, 0, 117, 117, 39, 39, 0, 19, 19, 47, 47, 57, 57, 0, 27, 27, 108, 108, 56, 56, 76, 76, 0, 85, 61, 61, 85, 78, 78, 0, 88, 34, 88, 34, 71, 71, 0, 87, 87, 35, 35, 0, 41, 41, 23, 23, 104, 51, 51, 104, 0, 2, 2, 128, 128, 0, 6, 6, 18, 18, 0, 82, 24, 24, 82, 0, 29, 45, 45, 29, 0, 65, 65, 43, 43, 0, 8, 8, 48, 48, 0, 121, 124, 121, 124, 116, 116, 0, 86, 86, 119, 119, 0, 38, 38, 89, 89, 0, 62, 9, 17, 62, 9, 17, 0, 13, 101, 13, 101, 0, 113, 129, 129, 113, 0, 1, 25, 25, 59, 59, 1, 0, 74, 114, 74, 31, 114, 31, 0, 3, 3, 16, 16, 21, 21, 26, 26, 33, 33, 42, 42, 49, 49, 52, 52, 105, 58, 58, 60, 60, 72, 72, 75, 75, 105, 93, 93, 95, 95, 98, 98, 100, 100, 103, 103, 115, 115, 126, 126, 130, 130]",-0.609911339087668
""
simulated_annealing,Data/Call_300_Vehicle_90.txt,78734109.0,81774019.6,38.930794382095335,"[109, 109, 290, 290, 12, 12, 0, 74, 194, 194, 74, 0, 127, 127, 60, 60, 0, 18, 18, 0, 277, 277, 0, 269, 269, 291, 291, 259, 259, 129, 129, 0, 25, 25, 200, 200, 286, 286, 0, 95, 95, 90, 102, 102, 90, 0, 10, 10, 28, 28, 0, 15, 15, 98, 182, 98, 182, 0, 23, 23, 49, 49, 0, 206, 206, 254, 254, 184, 184, 0, 92, 89, 92, 89, 0, 110, 110, 266, 9, 9, 139, 266, 139, 0, 171, 257, 173, 171, 257, 173, 0, 126, 148, 126, 73, 148, 73, 0, 144, 144, 220, 141, 141, 220, 0, 121, 121, 189, 189, 0, 39, 39, 80, 80, 0, 241, 214, 270, 270, 214, 241, 0, 248, 248, 262, 262, 0, 167, 167, 115, 186, 186, 115, 0, 62, 62, 292, 292, 0, 65, 91, 65, 91, 0, 111, 44, 111, 44, 5, 5, 0, 236, 40, 40, 236, 0, 123, 7, 7, 123, 0, 136, 203, 136, 42, 203, 42, 0, 118, 118, 294, 294, 0, 94, 94, 258, 258, 298, 298, 0, 158, 226, 158, 226, 99, 99, 0, 71, 71, 20, 20, 0, 191, 297, 297, 191, 198, 198, 0, 179, 103, 179, 103, 283, 283, 0, 234, 234, 70, 59, 59, 70, 0, 48, 48, 52, 52, 51, 51, 0, 271, 271, 101, 101, 0, 147, 147, 131, 131, 107, 107, 0, 261, 255, 261, 255, 3, 3, 0, 37, 66, 37, 66, 0, 295, 295, 84, 84, 0, 208, 208, 288, 58, 58, 104, 288, 104, 0, 242, 242, 27, 27, 0, 245, 63, 245, 63, 0, 218, 218, 164, 164, 16, 16, 0, 224, 224, 33, 33, 56, 140, 56, 140, 0, 146, 146, 8, 8, 0, 83, 83, 181, 120, 120, 112, 112, 181, 0, 77, 81, 77, 81, 231, 231, 0, 233, 233, 176, 163, 176, 163, 22, 22, 0, 82, 82, 253, 253, 202, 202, 0, 61, 61, 21, 21, 0, 188, 188, 64, 64, 0, 211, 211, 0, 232, 212, 232, 212, 282, 282, 0, 134, 134, 293, 293, 170, 170, 275, 275, 0, 278, 300, 278, 53, 53, 300, 113, 113, 0, 250, 250, 119, 119, 132, 132, 0, 35, 35, 192, 192, 55, 55, 0, 36, 36, 205, 205, 0, 246, 246, 17, 17, 0, 108, 108, 38, 38, 0, 273, 240, 240, 273, 160, 160, 0, 210, 210, 0, 272, 272, 34, 100, 100, 34, 0, 249, 249, 216, 216, 124, 124, 0, 26, 79, 26, 197, 197, 79, 190, 190, 0, 76, 268, 76, 268, 13, 13, 106, 106, 0, 223, 114, 114, 223, 0, 151, 151, 0, 41, 41, 11, 11, 0, 57, 185, 57, 185, 130, 130, 0, 183, 183, 227, 219, 196, 227, 219, 196, 0, 88, 88, 0, 125, 125, 296, 296, 0, 19, 19, 209, 252, 209, 252, 0, 256, 165, 165, 256, 117, 117, 0, 230, 230, 175, 175, 0, 263, 32, 32, 166, 166, 263, 0, 280, 280, 229, 229, 0, 30, 30, 154, 14, 14, 154, 0, 68, 68, 177, 177, 187, 187, 0, 54, 45, 45, 54, 93, 93, 0, 149, 149, 251, 251, 0, 204, 204, 161, 161, 0, 238, 238, 0, 279, 279, 47, 47, 267, 267, 0, 213, 213, 2, 2, 0, 217, 217, 289, 289, 0, 174, 174, 122, 122, 0, 1, 1, 4, 4, 6, 6, 24, 24, 29, 29, 31, 31, 43, 43, 46, 46, 50, 50, 67, 67, 69, 69, 72, 72, 75, 75, 78, 78, 85, 85, 86, 86, 87, 87, 96, 96, 97, 97, 105, 105, 116, 116, 128, 128, 133, 133, 135, 135, 137, 137, 138, 138, 142, 142, 143, 143, 145, 145, 150, 150, 152, 152, 153, 153, 155, 155, 156, 156, 157, 157, 159, 159, 162, 162, 168, 168, 169, 169, 172, 172, 178, 178, 180, 180, 193, 193, 195, 195, 199, 199, 201, 201, 207, 207, 215, 215, 221, 221, 222, 222, 225, 225, 228, 228, 235, 235, 237, 237, 239, 239, 243, 243, 244, 244, 247, 247, 260, 260, 264, 264, 265, 265, 274, 274, 276, 276, 281, 281, 284, 284, 285, 285, 287, 287, 299, 299]",-0.5389860140996401
""

""
--- NEW RUN: 2025-03-16 19:59:35 ---,,,,,,,,,
""
simulated_annealing,Data/Call_7_Vehicle_3.txt,1134176.0,1146030.3,0.952,"[4, 4, 7, 7, 0, 2, 2, 0, 1, 5, 5, 3, 3, 1, 0, 6, 6]",-0.6502290582475617
""
simulated_annealing,Data/Call_18_Vehicle_5.txt,2399649.0,2765599.5,2.5,"[4, 4, 15, 15, 11, 11, 16, 16, 0, 6, 6, 5, 5, 14, 17, 14, 17, 0, 8, 18, 8, 18, 13, 13, 0, 9, 9, 12, 12, 0, 7, 7, 3, 3, 10, 1, 10, 1, 0, 2, 2]",-0.732175514984628
""
simulated_annealing,Data/Call_35_Vehicle_7.txt,6327508.0,7106955.7,4.096,"[4, 4, 16, 16, 1, 7, 7, 5, 1, 5, 20, 20, 0, 15, 15, 11, 11, 32, 32, 0, 14, 14, 17, 27, 17, 27, 22, 22, 25, 25, 31, 31, 0, 34, 34, 6, 6, 13, 13, 28, 28, 2, 2, 29, 29, 0, 9, 19, 19, 9, 21, 26, 26, 21, 0, 23, 23, 30, 30, 18, 33, 18, 33, 0, 12, 12, 10, 10, 0, 8, 3, 3, 24, 24, 35, 35, 8]",-0.6558859257983858
""
simulated_annealing,Data/Call_80_Vehicle_20.txt,16543404.0,18136072.3,11.606,"[68, 12, 68, 72, 72, 12, 7, 7, 0, 53, 41, 41, 53, 59, 59, 49, 17, 17, 49, 0, 8, 8, 3, 3, 10, 10, 0, 30, 30, 48, 48, 16, 16, 0, 34, 34, 20, 20, 0, 60, 60, 61, 61, 55, 55, 80, 80, 0, 25, 25, 23, 23, 9, 9, 42, 42, 36, 50, 50, 36, 0, 39, 39, 44, 44, 56, 14, 56, 14, 0, 70, 62, 70, 62, 65, 65, 77, 77, 0, 66, 66, 37, 28, 37, 73, 28, 73, 0, 51, 35, 35, 46, 46, 27, 27, 51, 0, 4, 4, 71, 71, 33, 33, 0, 38, 38, 31, 31, 0, 57, 57, 75, 75, 52, 52, 0, 18, 63, 63, 18, 78, 78, 0, 11, 11, 69, 58, 69, 58, 0, 32, 21, 32, 5, 21, 5, 24, 24, 0, 43, 43, 47, 47, 0, 22, 22, 26, 79, 26, 79, 0, 40, 40, 13, 67, 67, 13, 2, 2, 6, 6, 0, 1, 1, 15, 19, 19, 29, 29, 15, 45, 45, 54, 54, 64, 74, 74, 76, 76, 64]",-0.6462843433682457
""
simulated_annealing,Data/Call_130_Vehicle_40.txt,27537905.0,30306925.4,21.309,"[32, 73, 73, 32, 20, 20, 0, 17, 63, 17, 63, 39, 39, 0, 72, 72, 107, 107, 68, 68, 0, 121, 121, 55, 55, 92, 92, 0, 113, 113, 83, 83, 77, 77, 0, 69, 29, 29, 69, 48, 36, 36, 48, 0, 67, 62, 62, 67, 0, 102, 102, 0, 84, 84, 125, 125, 12, 12, 0, 42, 42, 104, 104, 64, 64, 0, 80, 80, 118, 70, 118, 14, 14, 70, 0, 66, 66, 9, 9, 0, 7, 10, 10, 7, 0, 115, 115, 61, 61, 28, 51, 28, 51, 0, 99, 99, 37, 53, 53, 37, 0, 15, 15, 96, 23, 23, 96, 120, 120, 109, 109, 0, 103, 103, 25, 25, 111, 40, 40, 111, 0, 114, 95, 82, 114, 95, 82, 0, 5, 5, 26, 26, 0, 124, 124, 112, 112, 46, 30, 30, 46, 0, 105, 105, 41, 41, 43, 43, 0, 19, 19, 91, 94, 94, 91, 0, 60, 58, 60, 58, 45, 45, 0, 88, 50, 50, 88, 0, 106, 97, 97, 106, 0, 126, 126, 65, 127, 127, 65, 0, 49, 49, 4, 4, 0, 2, 2, 122, 81, 122, 81, 0, 85, 85, 59, 59, 56, 56, 0, 79, 110, 110, 79, 0, 78, 78, 0, 3, 3, 119, 119, 0, 74, 74, 1, 31, 1, 31, 0, 123, 123, 89, 24, 24, 89, 0, 34, 18, 34, 18, 128, 128, 0, 130, 130, 116, 116, 0, 8, 90, 90, 8, 47, 47, 76, 76, 0, 87, 87, 52, 52, 71, 71, 0, 93, 93, 13, 101, 13, 101, 0, 98, 98, 38, 38, 57, 57, 0, 6, 6, 11, 11, 16, 16, 21, 21, 22, 22, 27, 27, 33, 33, 35, 35, 44, 44, 54, 54, 75, 75, 86, 86, 100, 100, 108, 108, 117, 117, 129, 129]",-0.6406266559396308
""
simulated_annealing,Data/Call_300_Vehicle_90.txt,76641503.0,81653957.5,47.094,"[96, 200, 200, 96, 72, 72, 0, 114, 171, 171, 114, 266, 266, 0, 279, 279, 122, 122, 22, 22, 0, 112, 112, 84, 84, 0, 173, 173, 0, 133, 133, 289, 289, 0, 195, 300, 300, 195, 0, 94, 94, 131, 131, 0, 25, 25, 235, 235, 0, 224, 224, 99, 99, 0, 163, 292, 292, 163, 0, 46, 53, 53, 46, 0, 106, 106, 0, 126, 126, 167, 167, 0, 110, 110, 62, 62, 141, 141, 0, 15, 15, 268, 186, 186, 268, 0, 111, 79, 79, 111, 0, 206, 206, 198, 198, 0, 49, 49, 275, 275, 50, 50, 0, 189, 189, 231, 231, 0, 201, 210, 210, 201, 0, 123, 123, 30, 30, 157, 157, 0, 207, 207, 294, 297, 297, 294, 0, 164, 164, 184, 184, 0, 269, 269, 45, 45, 80, 80, 0, 68, 265, 265, 68, 0, 35, 240, 35, 240, 59, 59, 102, 102, 0, 54, 54, 0, 215, 215, 255, 255, 73, 73, 0, 246, 246, 95, 127, 127, 14, 14, 95, 0, 10, 10, 196, 196, 97, 97, 0, 47, 47, 12, 12, 0, 261, 203, 261, 203, 192, 192, 0, 218, 218, 205, 205, 117, 117, 0, 60, 51, 51, 60, 0, 136, 136, 44, 9, 9, 44, 0, 168, 168, 293, 293, 120, 120, 0, 29, 29, 287, 287, 107, 107, 0, 241, 241, 221, 221, 0, 66, 66, 125, 125, 0, 23, 291, 23, 291, 3, 3, 0, 280, 91, 91, 280, 100, 100, 0, 264, 264, 193, 193, 202, 202, 258, 258, 0, 259, 63, 63, 259, 0, 88, 88, 153, 153, 0, 27, 90, 27, 113, 113, 90, 0, 277, 277, 144, 144, 0, 67, 67, 243, 243, 89, 148, 89, 148, 0, 234, 234, 70, 146, 146, 130, 70, 130, 0, 208, 48, 48, 208, 0, 65, 40, 65, 58, 40, 58, 0, 61, 77, 61, 77, 129, 129, 0, 152, 152, 237, 237, 0, 212, 42, 42, 21, 212, 21, 20, 20, 0, 81, 226, 226, 101, 101, 81, 0, 134, 134, 257, 257, 288, 18, 288, 18, 0, 82, 82, 156, 156, 0, 71, 71, 140, 140, 0, 278, 278, 228, 228, 0, 263, 263, 230, 230, 161, 161, 0, 260, 260, 128, 128, 190, 190, 0, 178, 178, 285, 285, 0, 239, 225, 225, 239, 0, 238, 284, 284, 238, 262, 5, 262, 5, 0, 222, 222, 6, 6, 56, 56, 0, 244, 244, 16, 16, 0, 245, 245, 85, 85, 0, 1, 1, 251, 251, 0, 74, 74, 104, 104, 0, 69, 69, 139, 139, 0, 256, 220, 256, 220, 0, 274, 274, 4, 4, 13, 13, 0, 147, 147, 64, 64, 0, 151, 176, 151, 283, 283, 176, 0, 39, 39, 252, 252, 267, 267, 0, 223, 181, 223, 55, 181, 55, 187, 187, 0, 155, 155, 121, 121, 227, 197, 197, 227, 0, 270, 7, 7, 160, 270, 160, 0, 109, 109, 0, 232, 286, 286, 232, 34, 34, 0, 169, 169, 204, 204, 38, 38, 0, 214, 76, 214, 76, 165, 165, 0, 271, 271, 41, 41, 75, 75, 0, 116, 116, 209, 209, 191, 191, 93, 93, 0, 276, 276, 132, 132, 17, 17, 0, 92, 92, 182, 166, 166, 182, 0, 57, 57, 175, 175, 2, 2, 0, 179, 290, 179, 290, 298, 298, 0, 37, 159, 159, 37, 33, 33, 0, 162, 162, 115, 115, 0, 8, 8, 11, 11, 19, 19, 24, 24, 26, 26, 28, 28, 31, 31, 32, 32, 36, 36, 52, 52, 78, 78, 83, 83, 86, 86, 87, 87, 98, 98, 103, 103, 105, 105, 108, 108, 118, 118, 119, 119, 124, 124, 135, 135, 137, 137, 142, 142, 143, 143, 145, 145, 149, 149, 150, 150, 154, 154, 158, 158, 170, 170, 172, 172, 43, 174, 174, 177, 177, 180, 180, 183, 183, 185, 185, 188, 188, 194, 194, 199, 199, 211, 211, 213, 213, 216, 216, 217, 217, 219, 219, 229, 138, 229, 233, 233, 236, 236, 242, 242, 247, 247, 248, 248, 249, 249, 250, 250, 253, 253, 254, 254, 272, 272, 273, 273, 138, 281, 281, 282, 282, 43, 295, 295, 296, 296, 299, 299]",-0.5512389073530458
""
,,,,,,,,,
""
--- NEW RUN: 2025-03-20 16:36:51 ---,,,,,,,,,
""
simulated_annealing,Data/Call_7_Vehicle_3.txt,1134176.0,1175163.6,1.118,"[4, 4, 7, 7, 0, 2, 2, 0, 1, 5, 5, 3, 3, 1, 0, 6, 6]",-0.6502290582475617
""
,,,,,,,,,
""
--- NEW RUN: 2025-03-20 16:38:21 ---,,,,,,,,,
""
Adaptive_algorithm,Data/Call_7_Vehicle_3.txt,1248863.0,1250212.2,1.556,"[4, 4, 3, 3, 0, 7, 7, 0, 1, 5, 5, 2, 1, 2, 0, 6, 6]",-0.6148604911144521
""
,,,,,,,,,
""
--- NEW RUN: 2025-03-20 16:41:05 ---,,,,,,,,,
""
Adaptive_algorithm,Data/Call_7_Vehicle_3.txt,1248863.0,1250212.2,1.556,"[4, 4, 3, 3, 0, 7, 7, 0, 1, 5, 5, 2, 1, 2, 0, 6, 6]",-0.6148604911144521
""
Adaptive_algorithm,Data/Call_18_Vehicle_5.txt,2433794.0,2602919.0,16.379,"[4, 4, 15, 15, 11, 11, 0, 6, 6, 5, 5, 17, 17, 13, 13, 0, 8, 18, 18, 8, 12, 16, 12, 16, 0, 7, 7, 3, 3, 10, 1, 10, 1, 0, 9, 9, 14, 14, 0, 2, 2]",-0.7283645963707599
""

""
--- NEW RUN: 2025-03-28 15:20:03 ---,,,,,,,,,
""
Adaptive_algorithm,Data/Call_7_Vehicle_3.txt,1134176.0,1134176.0,4.316,"[4, 4, 7, 7, 0, 2, 2, 0, 1, 5, 5, 3, 3, 1, 0, 6, 6]",-0.6502290582475617
""
Adaptive_algorithm,Data/Call_18_Vehicle_5.txt,2517230.0,2846051.5,19.093,"[4, 4, 15, 15, 11, 11, 0, 6, 6, 5, 17, 5, 13, 17, 13, 0, 7, 8, 7, 3, 3, 18, 8, 18, 12, 16, 12, 16, 0, 10, 1, 10, 1, 0, 9, 9, 14, 14, 0, 2, 2]",-0.7190523162282296
""
,,,,,,,,,
""
--- NEW RUN: 2025-03-28 15:32:22 ---,,,,,,,,,
""
Adaptive_algorithm,Data/Call_7_Vehicle_3.txt,1134176.0,1134176.0,4.316,"[4, 4, 7, 7, 0, 2, 2, 0, 1, 5, 5, 3, 3, 1, 0, 6, 6]",-0.6502290582475617
""
Adaptive_algorithm,Data/Call_18_Vehicle_5.txt,2517230.0,2846051.5,19.093,"[4, 4, 15, 15, 11, 11, 0, 6, 6, 5, 17, 5, 13, 17, 13, 0, 7, 8, 7, 3, 3, 18, 8, 18, 12, 16, 12, 16, 0, 10, 1, 10, 1, 0, 9, 9, 14, 14, 0, 2, 2]",-0.7190523162282296
""
Adaptive_algorithm,Data/Call_35_Vehicle_7.txt,6001320.0,6447941.5,73.935,"[1, 3, 3, 5, 1, 5, 20, 20, 0, 16, 16, 28, 28, 0, 9, 12, 9, 35, 17, 35, 12, 21, 17, 21, 25, 25, 31, 31, 0, 15, 34, 15, 30, 34, 30, 27, 27, 22, 22, 0, 23, 8, 23, 11, 11, 7, 7, 18, 18, 8, 2, 29, 29, 2, 0, 14, 19, 19, 13, 14, 13, 26, 32, 32, 26, 0, 10, 10, 0, 4, 4, 6, 6, 24, 24, 33, 33]",-0.6736252762086383
""
,,,,,,,,,
""
--- NEW RUN: 2025-03-28 18:09:19 ---,,,,,,,,,
""
Adaptive_algorithm,Data/Call_7_Vehicle_3.txt,1134176.0,1134176.0,4.316,"[4, 4, 7, 7, 0, 2, 2, 0, 1, 5, 5, 3, 3, 1, 0, 6, 6]",-0.6502290582475617
""
Adaptive_algorithm,Data/Call_18_Vehicle_5.txt,2517230.0,2846051.5,19.093,"[4, 4, 15, 15, 11, 11, 0, 6, 6, 5, 17, 5, 13, 17, 13, 0, 7, 8, 7, 3, 3, 18, 8, 18, 12, 16, 12, 16, 0, 10, 1, 10, 1, 0, 9, 9, 14, 14, 0, 2, 2]",-0.7190523162282296
""
Adaptive_algorithm,Data/Call_35_Vehicle_7.txt,6001320.0,6447941.5,73.935,"[1, 3, 3, 5, 1, 5, 20, 20, 0, 16, 16, 28, 28, 0, 9, 12, 9, 35, 17, 35, 12, 21, 17, 21, 25, 25, 31, 31, 0, 15, 34, 15, 30, 34, 30, 27, 27, 22, 22, 0, 23, 8, 23, 11, 11, 7, 7, 18, 18, 8, 2, 29, 29, 2, 0, 14, 19, 19, 13, 14, 13, 26, 32, 32, 26, 0, 10, 10, 0, 4, 4, 6, 6, 24, 24, 33, 33]",-0.6736252762086383
""
Adaptive_algorithm,Data/Call_80_Vehicle_20.txt,13525583.0,14422705.1,941.67,"[41, 70, 41, 62, 69, 70, 62, 58, 58, 69, 56, 56, 0, 42, 3, 42, 3, 16, 16, 0, 54, 63, 54, 63, 5, 5, 77, 77, 0, 66, 66, 49, 67, 49, 80, 67, 10, 80, 10, 0, 26, 37, 26, 37, 0, 4, 4, 61, 74, 61, 74, 28, 28, 0, 59, 17, 59, 27, 17, 27, 0, 35, 46, 35, 7, 50, 46, 7, 14, 50, 14, 0, 53, 68, 34, 34, 53, 68, 48, 48, 0, 40, 29, 40, 29, 65, 12, 65, 72, 12, 72, 0, 21, 51, 21, 51, 33, 33, 0, 11, 11, 0, 25, 25, 76, 76, 0, 71, 9, 71, 9, 2, 2, 24, 24, 0, 38, 38, 44, 78, 78, 44, 47, 47, 6, 6, 0, 32, 23, 23, 45, 45, 32, 19, 73, 19, 52, 52, 73, 0, 30, 30, 57, 79, 57, 75, 79, 75, 0, 8, 1, 8, 1, 0, 22, 55, 22, 55, 31, 36, 36, 31, 0, 60, 18, 18, 60, 20, 20, 0, 15, 15, 13, 13, 43, 43, 64, 64, 39, 39]",-0.7108085813432173
""
,,,,,,,,,
""
--- NEW RUN: 2025-03-29 00:41:10 ---,,,,,,,,,
""
Adaptive_algorithm,Data/Call_7_Vehicle_3.txt,1134176.0,1134176.0,4.316,"[4, 4, 7, 7, 0, 2, 2, 0, 1, 5, 5, 3, 3, 1, 0, 6, 6]",-0.6502290582475617
""
Adaptive_algorithm,Data/Call_18_Vehicle_5.txt,2517230.0,2846051.5,19.093,"[4, 4, 15, 15, 11, 11, 0, 6, 6, 5, 17, 5, 13, 17, 13, 0, 7, 8, 7, 3, 3, 18, 8, 18, 12, 16, 12, 16, 0, 10, 1, 10, 1, 0, 9, 9, 14, 14, 0, 2, 2]",-0.7190523162282296
""
Adaptive_algorithm,Data/Call_35_Vehicle_7.txt,6001320.0,6447941.5,73.935,"[1, 3, 3, 5, 1, 5, 20, 20, 0, 16, 16, 28, 28, 0, 9, 12, 9, 35, 17, 35, 12, 21, 17, 21, 25, 25, 31, 31, 0, 15, 34, 15, 30, 34, 30, 27, 27, 22, 22, 0, 23, 8, 23, 11, 11, 7, 7, 18, 18, 8, 2, 29, 29, 2, 0, 14, 19, 19, 13, 14, 13, 26, 32, 32, 26, 0, 10, 10, 0, 4, 4, 6, 6, 24, 24, 33, 33]",-0.6736252762086383
""
Adaptive_algorithm,Data/Call_80_Vehicle_20.txt,13525583.0,14422705.1,941.67,"[41, 70, 41, 62, 69, 70, 62, 58, 58, 69, 56, 56, 0, 42, 3, 42, 3, 16, 16, 0, 54, 63, 54, 63, 5, 5, 77, 77, 0, 66, 66, 49, 67, 49, 80, 67, 10, 80, 10, 0, 26, 37, 26, 37, 0, 4, 4, 61, 74, 61, 74, 28, 28, 0, 59, 17, 59, 27, 17, 27, 0, 35, 46, 35, 7, 50, 46, 7, 14, 50, 14, 0, 53, 68, 34, 34, 53, 68, 48, 48, 0, 40, 29, 40, 29, 65, 12, 65, 72, 12, 72, 0, 21, 51, 21, 51, 33, 33, 0, 11, 11, 0, 25, 25, 76, 76, 0, 71, 9, 71, 9, 2, 2, 24, 24, 0, 38, 38, 44, 78, 78, 44, 47, 47, 6, 6, 0, 32, 23, 23, 45, 45, 32, 19, 73, 19, 52, 52, 73, 0, 30, 30, 57, 79, 57, 75, 79, 75, 0, 8, 1, 8, 1, 0, 22, 55, 22, 55, 31, 36, 36, 31, 0, 60, 18, 18, 60, 20, 20, 0, 15, 15, 13, 13, 43, 43, 64, 64, 39, 39]",-0.7108085813432173
""
Adaptive_algorithm,Data/Call_130_Vehicle_40.txt,22181146.0,22846234.5,2351.02,"[3, 3, 66, 66, 0, 55, 68, 55, 68, 20, 20, 0, 105, 105, 54, 91, 54, 39, 91, 39, 0, 123, 124, 123, 124, 118, 118, 104, 104, 0, 114, 58, 114, 58, 117, 117, 0, 103, 41, 103, 23, 41, 23, 9, 63, 9, 63, 0, 22, 37, 22, 36, 53, 53, 37, 36, 0, 45, 45, 81, 94, 94, 81, 0, 84, 98, 98, 82, 84, 65, 82, 65, 0, 32, 50, 32, 50, 127, 127, 0, 29, 17, 29, 17, 56, 56, 64, 64, 0, 21, 21, 28, 28, 12, 12, 0, 7, 7, 0, 115, 115, 18, 18, 0, 4, 4, 0, 126, 69, 126, 69, 40, 40, 0, 129, 129, 0, 88, 88, 90, 83, 90, 83, 0, 5, 73, 5, 120, 61, 120, 109, 61, 70, 109, 73, 10, 30, 10, 30, 70, 0, 130, 130, 92, 46, 92, 46, 0, 86, 86, 97, 97, 0, 27, 113, 113, 27, 122, 125, 125, 57, 122, 57, 0, 44, 8, 8, 44, 24, 24, 0, 75, 75, 0, 100, 100, 62, 112, 62, 101, 112, 101, 0, 15, 121, 15, 11, 121, 11, 110, 110, 0, 49, 72, 49, 72, 71, 71, 0, 42, 74, 67, 42, 74, 119, 67, 119, 0, 2, 2, 108, 108, 47, 47, 76, 76, 0, 99, 89, 99, 43, 89, 43, 0, 26, 26, 0, 33, 102, 102, 33, 52, 35, 52, 35, 0, 96, 107, 96, 107, 116, 116, 14, 14, 0, 106, 1, 106, 1, 0, 60, 60, 0, 13, 13, 0, 34, 79, 34, 78, 79, 78, 0, 16, 16, 80, 80, 31, 31, 0, 95, 95, 111, 59, 51, 59, 51, 111, 128, 128, 0, 25, 25, 48, 77, 48, 77, 0, 93, 93, 38, 38, 19, 19, 85, 85, 6, 6, 87, 87]",-0.7105330774758907
""
,,,,,,,,,
""
--- NEW RUN: 2025-03-29 09:43:52 ---,,,,,,,,,
""
Adaptive_algorithm,Data/Call_7_Vehicle_3.txt,1134176.0,1134176.0,4.316,"[4, 4, 7, 7, 0, 2, 2, 0, 1, 5, 5, 3, 3, 1, 0, 6, 6]",-0.6502290582475617
""
Adaptive_algorithm,Data/Call_18_Vehicle_5.txt,2517230.0,2846051.5,19.093,"[4, 4, 15, 15, 11, 11, 0, 6, 6, 5, 17, 5, 13, 17, 13, 0, 7, 8, 7, 3, 3, 18, 8, 18, 12, 16, 12, 16, 0, 10, 1, 10, 1, 0, 9, 9, 14, 14, 0, 2, 2]",-0.7190523162282296
""
Adaptive_algorithm,Data/Call_35_Vehicle_7.txt,6001320.0,6447941.5,73.935,"[1, 3, 3, 5, 1, 5, 20, 20, 0, 16, 16, 28, 28, 0, 9, 12, 9, 35, 17, 35, 12, 21, 17, 21, 25, 25, 31, 31, 0, 15, 34, 15, 30, 34, 30, 27, 27, 22, 22, 0, 23, 8, 23, 11, 11, 7, 7, 18, 18, 8, 2, 29, 29, 2, 0, 14, 19, 19, 13, 14, 13, 26, 32, 32, 26, 0, 10, 10, 0, 4, 4, 6, 6, 24, 24, 33, 33]",-0.6736252762086383
""
Adaptive_algorithm,Data/Call_80_Vehicle_20.txt,13525583.0,14422705.1,941.67,"[41, 70, 41, 62, 69, 70, 62, 58, 58, 69, 56, 56, 0, 42, 3, 42, 3, 16, 16, 0, 54, 63, 54, 63, 5, 5, 77, 77, 0, 66, 66, 49, 67, 49, 80, 67, 10, 80, 10, 0, 26, 37, 26, 37, 0, 4, 4, 61, 74, 61, 74, 28, 28, 0, 59, 17, 59, 27, 17, 27, 0, 35, 46, 35, 7, 50, 46, 7, 14, 50, 14, 0, 53, 68, 34, 34, 53, 68, 48, 48, 0, 40, 29, 40, 29, 65, 12, 65, 72, 12, 72, 0, 21, 51, 21, 51, 33, 33, 0, 11, 11, 0, 25, 25, 76, 76, 0, 71, 9, 71, 9, 2, 2, 24, 24, 0, 38, 38, 44, 78, 78, 44, 47, 47, 6, 6, 0, 32, 23, 23, 45, 45, 32, 19, 73, 19, 52, 52, 73, 0, 30, 30, 57, 79, 57, 75, 79, 75, 0, 8, 1, 8, 1, 0, 22, 55, 22, 55, 31, 36, 36, 31, 0, 60, 18, 18, 60, 20, 20, 0, 15, 15, 13, 13, 43, 43, 64, 64, 39, 39]",-0.7108085813432173
""
Adaptive_algorithm,Data/Call_130_Vehicle_40.txt,22181146.0,22846234.5,2351.02,"[3, 3, 66, 66, 0, 55, 68, 55, 68, 20, 20, 0, 105, 105, 54, 91, 54, 39, 91, 39, 0, 123, 124, 123, 124, 118, 118, 104, 104, 0, 114, 58, 114, 58, 117, 117, 0, 103, 41, 103, 23, 41, 23, 9, 63, 9, 63, 0, 22, 37, 22, 36, 53, 53, 37, 36, 0, 45, 45, 81, 94, 94, 81, 0, 84, 98, 98, 82, 84, 65, 82, 65, 0, 32, 50, 32, 50, 127, 127, 0, 29, 17, 29, 17, 56, 56, 64, 64, 0, 21, 21, 28, 28, 12, 12, 0, 7, 7, 0, 115, 115, 18, 18, 0, 4, 4, 0, 126, 69, 126, 69, 40, 40, 0, 129, 129, 0, 88, 88, 90, 83, 90, 83, 0, 5, 73, 5, 120, 61, 120, 109, 61, 70, 109, 73, 10, 30, 10, 30, 70, 0, 130, 130, 92, 46, 92, 46, 0, 86, 86, 97, 97, 0, 27, 113, 113, 27, 122, 125, 125, 57, 122, 57, 0, 44, 8, 8, 44, 24, 24, 0, 75, 75, 0, 100, 100, 62, 112, 62, 101, 112, 101, 0, 15, 121, 15, 11, 121, 11, 110, 110, 0, 49, 72, 49, 72, 71, 71, 0, 42, 74, 67, 42, 74, 119, 67, 119, 0, 2, 2, 108, 108, 47, 47, 76, 76, 0, 99, 89, 99, 43, 89, 43, 0, 26, 26, 0, 33, 102, 102, 33, 52, 35, 52, 35, 0, 96, 107, 96, 107, 116, 116, 14, 14, 0, 106, 1, 106, 1, 0, 60, 60, 0, 13, 13, 0, 34, 79, 34, 78, 79, 78, 0, 16, 16, 80, 80, 31, 31, 0, 95, 95, 111, 59, 51, 59, 51, 111, 128, 128, 0, 25, 25, 48, 77, 48, 77, 0, 93, 93, 38, 38, 19, 19, 85, 85, 6, 6, 87, 87]",-0.7105330774758907
""
Adaptive_algorithm,Data/Call_300_Vehicle_90.txt,48599754.0,50591986.3,3256.144,"[32, 32, 0, 241, 44, 294, 241, 44, 226, 294, 140, 226, 140, 0, 200, 123, 194, 200, 164, 123, 164, 194, 0, 11, 11, 0, 217, 217, 0, 272, 272, 209, 51, 209, 102, 51, 102, 0, 172, 172, 0, 184, 148, 184, 148, 0, 121, 210, 121, 98, 210, 98, 0, 10, 10, 84, 84, 0, 258, 258, 0, 15, 15, 118, 118, 9, 255, 9, 255, 60, 60, 0, 0, 268, 151, 268, 151, 0, 245, 245, 0, 158, 36, 36, 158, 108, 108, 0, 144, 81, 144, 173, 81, 275, 50, 275, 173, 198, 50, 198, 0, 206, 206, 110, 110, 259, 259, 0, 94, 300, 94, 300, 287, 287, 196, 196, 0, 264, 295, 286, 264, 286, 3, 295, 3, 0, 152, 277, 152, 72, 277, 72, 0, 171, 114, 79, 114, 171, 79, 80, 80, 0, 280, 280, 120, 120, 0, 28, 28, 289, 289, 0, 30, 89, 30, 63, 89, 63, 0, 92, 41, 92, 41, 0, 82, 207, 82, 207, 176, 266, 176, 266, 0, 254, 77, 254, 77, 0, 279, 279, 281, 281, 0, 0, 240, 212, 181, 220, 212, 240, 181, 220, 267, 267, 106, 106, 0, 59, 187, 59, 187, 0, 296, 296, 0, 131, 297, 131, 130, 297, 130, 0, 129, 186, 129, 186, 0, 193, 193, 64, 64, 0, 31, 31, 153, 153, 0, 263, 155, 263, 155, 195, 284, 195, 262, 284, 262, 115, 115, 0, 290, 227, 290, 227, 197, 197, 0, 274, 274, 119, 119, 0, 247, 247, 159, 159, 0, 83, 69, 83, 5, 69, 56, 5, 56, 0, 45, 95, 45, 95, 33, 33, 0, 179, 126, 179, 126, 189, 189, 0, 183, 7, 183, 182, 7, 163, 182, 104, 163, 104, 0, 234, 234, 16, 16, 0, 204, 204, 20, 20, 0, 168, 168, 75, 75, 0, 232, 270, 61, 109, 61, 232, 109, 270, 34, 34, 101, 22, 101, 22, 0, 26, 90, 26, 139, 90, 139, 0, 215, 278, 278, 215, 235, 70, 235, 70, 117, 117, 0, 21, 14, 14, 21, 0, 222, 222, 285, 285, 231, 231, 0, 253, 253, 202, 202, 0, 24, 24, 229, 229, 0, 249, 157, 249, 157, 112, 112, 0, 133, 35, 133, 291, 35, 291, 149, 149, 161, 161, 0, 49, 203, 49, 124, 73, 203, 124, 73, 0, 214, 211, 214, 211, 177, 177, 192, 192, 97, 97, 0, 96, 271, 96, 271, 142, 142, 52, 52, 100, 100, 0, 260, 260, 283, 113, 283, 113, 298, 18, 298, 18, 0, 23, 86, 23, 86, 243, 127, 243, 127, 38, 38, 0, 67, 43, 185, 67, 43, 185, 85, 85, 0, 39, 65, 288, 65, 42, 39, 53, 42, 282, 288, 53, 282, 190, 190, 0, 225, 174, 225, 174, 93, 17, 17, 93, 0, 201, 162, 201, 162, 71, 71, 0, 54, 111, 54, 111, 91, 128, 91, 128, 0, 103, 103, 4, 55, 4, 55, 0, 273, 169, 273, 169, 160, 160, 292, 8, 292, 8, 0, 167, 236, 167, 236, 0, 230, 230, 166, 12, 166, 12, 0, 208, 48, 261, 208, 48, 261, 165, 27, 165, 27, 0, 147, 250, 147, 228, 250, 156, 228, 156, 0, 19, 224, 19, 224, 0, 178, 178, 6, 6, 0, 150, 74, 150, 46, 74, 252, 46, 252, 0, 134, 134, 188, 188, 62, 58, 62, 146, 58, 146, 0, 116, 1, 116, 175, 1, 175, 0, 218, 141, 218, 141, 0, 238, 122, 238, 99, 122, 107, 99, 107, 0, 37, 276, 37, 125, 276, 47, 125, 47, 0, 180, 265, 180, 219, 265, 2, 219, 2, 13, 13, 0, 88, 191, 88, 191, 0, 25, 68, 25, 256, 68, 256, 154, 251, 154, 251, 0, 216, 216, 0, 213, 145, 213, 145, 0, 29, 136, 29, 246, 136, 257, 246, 40, 40, 205, 257, 205, 0, 269, 233, 269, 293, 233, 170, 293, 170, 0, 132, 132, 0, 244, 244, 221, 199, 221, 199, 0, 57, 57, 239, 239, 138, 138, 76, 76, 248, 248, 87, 87, 135, 135, 299, 299, 105, 105, 66, 66, 223, 223, 143, 143, 78, 78, 242, 242, 237, 237, 137, 137]",-0.7154325286729674
""
,,,,,,,,,
""
--- NEW RUN: 2025-04-09 14:01:34 ---,,,,,,,,,
""
Adaptive_algorithm,Data/Call_7_Vehicle_3.txt,1248863,1248863.0,0.549,"[[4, 4, 3, 3], [7, 7], [1, 5, 5, 2, 1, 2], [6, 6]]",-0.6148604911144521
""
,,,,,,,,,
""
--- NEW RUN: 2025-04-09 14:02:03 ---,,,,,,,,,
""
Adaptive_algorithm,Data/Call_7_Vehicle_3.txt,1248863,1248863.0,0.549,"[[4, 4, 3, 3], [7, 7], [1, 5, 5, 2, 1, 2], [6, 6]]",-0.6148604911144521
""
Adaptive_algorithm,Data/Call_18_Vehicle_5.txt,2762493,2764768.4,2.885,"[[4, 4, 15, 15, 11, 11, 16, 16], [14, 17, 17, 14], [8, 18, 8, 18, 13, 13], [7, 7, 3, 3, 10, 1, 10, 1], [9, 9, 5, 5, 12, 12], [2, 2, 6, 6]]",-0.6916785475360896
""
,,,,,,,,,
""
--- NEW RUN: 2025-04-09 14:03:58 ---,,,,,,,,,
""
Adaptive_algorithm,Data/Call_7_Vehicle_3.txt,1248863,1255609.0,0.588,"[[4, 4, 3, 3], [7, 7], [1, 5, 5, 2, 1, 2], [6, 6]]",-0.6148604911144521
""
,,,,,,,,,
""
--- NEW RUN: 2025-04-09 14:04:30 ---,,,,,,,,,
""
Adaptive_algorithm,Data/Call_7_Vehicle_3.txt,1248863,1255609.0,0.588,"[[4, 4, 3, 3], [7, 7], [1, 5, 5, 2, 1, 2], [6, 6]]",-0.6148604911144521
""
Adaptive_algorithm,Data/Call_18_Vehicle_5.txt,2374420,2374420.0,3.242,"[[4, 4, 15, 15, 11, 11, 16, 16], [6, 6, 5, 18, 5, 14, 17, 17, 14, 18], [9, 8, 8, 9, 13, 13], [7, 7, 3, 3, 10, 1, 10, 1], [12, 12], [2, 2]]",-0.734991320101315
""
,,,,,,,,,
""
--- NEW RUN: 2025-04-11 08:36:58 ---,,,,,,,,,
""
Adaptive_algorithm,Data/Call_7_Vehicle_3.txt,1248863,1252910.6,0.598,"[[4, 4, 3, 3], [7, 7], [1, 5, 5, 2, 1, 2], [6, 6]]",-0.6148604911144521
""
,,,,,,,,,
""
--- NEW RUN: 2025-04-11 08:37:30 ---,,,,,,,,,
""
Adaptive_algorithm,Data/Call_7_Vehicle_3.txt,1248863,1252910.6,0.598,"[[4, 4, 3, 3], [7, 7], [1, 5, 5, 2, 1, 2], [6, 6]]",-0.6148604911144521
""
Adaptive_algorithm,Data/Call_18_Vehicle_5.txt,2374420,2376077.6,3.184,"[[4, 4, 15, 15, 11, 11, 16, 16], [6, 6, 5, 18, 5, 14, 17, 17, 14, 18], [9, 8, 8, 9, 13, 13], [7, 7, 3, 3, 10, 1, 10, 1], [12, 12], [2, 2]]",-0.734991320101315
""
,,,,,,,,,
